Open-circuit voltage / V,R0 / Ohm,Element-1 initial overpotential / V,R1 / Ohm,Tau1 / s,cost,State of Charge / 1,Mode
2.9424746091625713,0.08809024971235616,-0.1361673019636614,0.09998703070291878,83.57767813077909,0.008726708508724482,0.0046637692011751615,Charge
3.003606076230811,0.06868314197322326,-0.09999271572079335,0.09999727813235694,86.65256457571122,0.007067713193308662,0.008821984328314431,Charge
2.8244926669547366,0.0010000623204114664,-0.198180109292872,0.09999975201999681,999.9996755472482,0.04280161078376296,0.0009527970476316915,Discharge
3.052923149387824,0.056683239889312044,-0.08050416673512928,0.09998022311997252,92.69750530482243,0.006215400076834867,0.012978737809392862,Charge
3.1301630142566466,0.04283880491661813,-0.05677661433904588,0.09995778580386028,106.92254646317741,0.005220487480937621,0.02129061627543726,Charge
3.209643411453593,0.03214108495247747,-0.035379523334776966,0.09999436385635534,124.95682881752573,0.004804642423439131,0.033758624239415246,Charge
3.1605818739619327,0.03811391106416467,-0.04761023844442321,0.09999660059000942,112.48536325804231,0.005002713526066026,0.02544652594208023,Charge
3.186482567048773,0.03463150295684896,-0.0401461707557887,0.09999742613811778,117.90804758078383,0.004923693866251678,0.02960266912471061,Charge
3.2299437396241726,0.029847411416707836,-0.03056007815304044,0.09996120799188041,130.86628179933123,0.00479366820259821,0.037914465454656335,Charge
3.2477222396967256,0.028119318776878524,-0.026512086773825168,0.09991309484761597,137.12495818667864,0.004848589971445776,0.04207019129935983,Charge
3.0942084627233024,0.04824017120383963,-0.06690281703524406,0.09999342743052805,98.37274307086803,0.005665047737321775,0.01713509965146403,Charge
3.346065462951164,0.0200795783790194,-0.008913329155466151,0.09999643305776747,193.03362364755196,0.0053238057643317915,0.08362890684305424,Charge
3.263326584196225,0.026288945003177643,-0.023071088691878426,0.09991937552523664,142.15543476734467,0.004923690296549296,0.04622584514736725,Charge
3.3176793009587877,0.021607338775032073,-0.01185518741478921,0.09998877979120797,172.67321705811023,0.00521827808879345,0.06700727934914315,Charge
3.3395235752535357,0.0202105125356281,-0.010085790428817782,0.09989438871755395,182.56034705853168,0.005261021870550995,0.07947318065274382,Charge
3.3326107756424337,0.020827844776082672,-0.010306751987894769,0.09998518496126983,181.76355427832425,0.0053160916378714755,0.07531739677590545,Charge
3.2769908248959703,0.025027233612807783,-0.019993974136828303,0.09991802126960571,148.69461901122398,0.005011217984451717,0.050381851841383565,Charge
3.2997040939579705,0.022751537339967903,-0.015113079509606726,0.09997866084804781,161.5584538803151,0.005196127029055355,0.05869383290256165,Charge
3.3590550529477796,0.019797101036962927,-0.00805970593037089,0.0999923678647322,201.7861447146803,0.005194934953497334,0.09194090271805723,Charge
3.3527345400477104,0.021126996256415093,-0.010478080569472203,0.09945677499087655,195.76803855419408,0.004958321865586932,0.08778494877972871,Charge
3.364890729154906,0.020708799363304043,-0.008925928192405059,0.09999524697594883,206.61943522619137,0.004952982187295159,0.09609677896279642,Charge
3.2890436037185817,0.02364642138061156,-0.016744041197120123,0.09998179923089207,154.39919388892687,0.005105817145903367,0.05453929626210132,Charge
3.3254290562969335,0.02117863770437607,-0.011272805334845436,0.09995767417927942,176.73600908332054,0.0052468353051891865,0.07116164731010689,Charge
3.309180984755001,0.02222541460146966,-0.01356413276207617,0.09989742881069426,167.4135291183932,0.005248267247604632,0.0628497155087553,Charge
3.3712021039415636,0.020378454049973953,-0.008660953792887019,0.09978727910333535,211.10356037171042,0.004876062868559805,0.10025267463375213,Charge
3.3771925460629757,0.021128580628076554,-0.008562145896814189,0.0999558548088153,219.36664639501146,0.004788881945543472,0.10440869957800492,Charge
3.382821090226211,0.020173820501827307,-0.007294792371183296,0.09980591641114735,223.3328238579527,0.0048721186369536955,0.10856478839585734,Charge
3.3992450426771184,0.020787746673188154,-0.007644815108520011,0.09992993597407258,240.52584764219415,0.004469276784099242,0.12103227320380608,Charge
3.388352668559888,0.02093690754764143,-0.008193056809634374,0.09993609070500835,227.92040236802555,0.004612734637453215,0.11272065886966032,Charge
3.39397156952353,0.02015294553013203,-0.006898751159655642,0.09991336685758856,236.21680417837365,0.004701825412093917,0.11687639568337733,Charge
3.415272861322685,0.021248929664609704,-0.0076710670038111,0.09989661866223588,261.11232160842695,0.004076157370540384,0.13350019188870754,Charge
3.4206575921916222,0.020664917662372714,-0.006535960919590884,0.09991872918154857,271.7867703689314,0.0040625662003477185,0.1376560347788575,Charge
3.409890011055298,0.020231501408557402,-0.006745473605935656,0.09999705381472536,252.88277822120483,0.004378011810907025,0.12934423204088888,Charge
3.4047604539337244,0.02040056039464254,-0.00715580568462618,0.09995037773347287,245.41125775980245,0.004440923332763341,0.12518823438403334,Charge
3.4253714135174946,0.020699626153154585,-0.005986610668026191,0.09994295093395589,283.23299529519,0.003968836801703967,0.14181181007479013,Charge
3.4652407564084458,0.0271891440109737,-0.005338133274982862,0.019746536026467903,92.88505758470477,0.0006842233338930156,0.1792062690550802,Charge
3.4679200983769194,0.027260029904146298,-0.004897326444064759,0.019781427152834225,92.57197314308605,0.0007016923872455683,0.18336224578810315,Charge
3.476271158280514,0.027429675071529012,-0.005642949779054801,0.022267197042327207,102.81624342802102,0.0006971624976274412,0.19582994438907272,Charge
3.470623605482154,0.027413419431613108,-0.004755079847755024,0.021388973182468997,103.98518565889577,0.0007058156097265338,0.18751807751852897,Charge
3.4622588216239554,0.0269824570977808,-0.006022166041786722,0.021689319741302258,99.59552699240683,0.0007177676910714993,0.1750528933315257,Charge
3.473172693909986,0.026707627978508255,-0.004592301581808232,0.021744269070464794,93.36555916890863,0.0007282050211408251,0.19167655783470036,Charge
3.4523113510287198,0.026010603796120454,-0.01141396579547179,0.03334544330376288,129.69665814627265,0.0010178462017811907,0.1625868096455284,Charge
3.458955557723354,0.026336961173538776,-0.005629028914838004,0.026671878896763805,118.5842072831892,0.0009320656624220752,0.1708999508156617,Charge
3.455628928185306,0.027179090055323978,-0.0040573900638197335,0.04546043202813955,245.91239033095147,0.0011641914187853516,0.1667450750857376,Charge
3.4793347811650746,0.027544673668241836,-0.005274109973316887,0.024372157880493926,115.57658765411087,0.0007303153059762122,0.19998583192233693,Charge
3.4823766583027487,0.027074079283549556,-0.005042050800097664,0.026660304555926852,121.32640763139504,0.0007686423186367969,0.20414427417744052,Charge
3.4857563349453056,0.027324379863887135,-0.005459739192852197,0.032339599481138154,156.06769084772233,0.0007922860293524391,0.2083001326390085,Charge
3.4303663254625607,0.02147225345695328,-0.0064898168715636665,0.09998561784203977,299.3313384084306,0.003675058844469363,0.14596777888524934,Charge
3.488923134906367,0.02642622764032399,-0.004853524540327439,0.03572214773647773,162.51095840587135,0.0009610021487154372,0.21245903446758105,Charge
3.4970346717557432,0.0264663886197365,-0.005972851032483359,0.040960427763746816,195.479486005686,0.0008462373269100437,0.2207695535235218,Charge
3.492940514530827,0.026683421092876813,-0.006247946538282307,0.037639211238135434,176.976851887439,0.0008460271427167088,0.21661366299047333,Charge
3.435556020763444,0.02182005858848337,-0.006543448035267101,0.09994592918665994,315.9722860568448,0.0033386375967533145,0.15012384429448697,Charge
3.4455164375573233,0.024536324228396363,-0.005907584427179575,0.09990109251369883,404.8577994834858,0.0024178472824960646,0.15843578711811446,Charge
3.4406743420554324,0.023140635580373062,-0.006158229455990452,0.099896484314332,358.236689557443,0.0029256585090837615,0.1542797364946646,Charge
3.5106284474441716,0.026802451079095145,-0.005249302031993269,0.04853087374615642,256.2528460037827,0.001027848490370866,0.23323719094679848,Charge
3.506455938840669,0.02734665415827221,-0.007779098480957926,0.0386951128274652,193.09437994528326,0.0007291179291463249,0.2290770538158486,Charge
3.5142624663229114,0.025433320866907257,-0.004604881190406389,0.06304645741012004,317.2679413353398,0.00127329774814812,0.23739527576502742,Charge
3.564094221943728,0.026822750764907012,-0.008245777614022369,0.0327988142499985,172.6772806353845,0.0006708795485323478,0.2831000823235951,Charge
3.528212632754858,0.02721458090290235,-0.008150145725284883,0.03748261976847364,190.70855816921113,0.0007366221311284897,0.24985673158193245,Charge
3.501335242545812,0.026747586331130467,-0.006331498313065281,0.041240482766387775,200.3684350434552,0.0009000870226331276,0.22492541714376849,Charge
3.5373039115859513,0.02668186551189039,-0.008546658929162896,0.03886370775166419,193.1021645765541,0.0007095165659828188,0.2581686631779186,Charge
3.5228281100922407,0.026064426291588616,-0.00803929373242813,0.04642328158036368,223.7654046273667,0.0008556636266203421,0.24570489874471774,Charge
3.5460951858264926,0.026670381318502457,-0.008508170025637765,0.03710782620455077,185.9861168859492,0.0006806688735168773,0.26648034106853,Charge
3.5176686213625885,0.02569876783841754,-0.004384841229064943,0.09702745674614638,524.7067081526583,0.0013690169924315033,0.24155263095856308,Charge
3.5547847417871976,0.025840880303426596,-0.007387052754603661,0.03805901167182726,189.44701559028636,0.0007373841321097665,0.27479463446466434,Charge
3.532001491439362,0.025854381063289397,-0.004426288543761685,0.06582263723788213,353.32390875069837,0.001157605467733742,0.2540191570857593,Charge
3.55002085366762,0.02541806317874552,-0.004869998657682759,0.04499656457508048,229.50054754745923,0.0010524955664653654,0.2706416754126261,Charge
3.5713320595634945,0.025110032686243292,-0.005574871788657331,0.04289338958238051,223.10585498777866,0.000951009866955228,0.2914212662993963,Charge
3.583854336519908,0.026271985625483857,-0.006739542855441462,0.02973060608652707,159.19775985169386,0.0006851112920226968,0.30388337320482367,Charge
3.558916464099081,0.025949001242379047,-0.005687571284343119,0.04802346773645177,256.12795232412185,0.0008969651944281304,0.2789522434397113,Charge
3.576225357503031,0.026732641390936982,-0.008028340919890159,0.030070044948973394,164.02911116316642,0.0006409277414169863,0.29556783598015496,Charge
3.5407922343612923,0.02671340273498842,-0.003941018035161588,0.08579293452747318,515.675037975271,0.0011338540233588074,0.2623310534748241,Charge
3.5676200422597697,0.02501786184235469,-0.004046593476984352,0.03642491980322192,189.61497169544506,0.0010574859604238897,0.2872653319934375,Charge
3.587234641646652,0.025390533371532877,-0.005070953183726794,0.029932594605513653,149.70806353742006,0.0008172879588223346,0.30804344212954393,Charge
3.5797497665712648,0.02587239679801932,-0.004653639629124626,0.03344049440874912,184.03064160060663,0.0008192940883557432,0.29973178792013877,Charge
3.6072604646808553,0.026436345797444683,-0.007090433408606373,0.03255341246757439,178.86560118687007,0.0006452118221590237,0.32881873379283716,Charge
3.6159191961765647,0.026519282493351427,-0.007758238855282663,0.028958457356428942,157.66786219524,0.0006461799158011817,0.33712654492899374,Charge
3.602780208302206,0.025344275445425828,-0.006319822700785367,0.034709228507415056,179.60549228522825,0.0007512075380653107,0.32466713466002894,Charge
3.5914114668606802,0.026126530544714657,-0.006896895199887545,0.029222146876843325,152.65432445035404,0.0006417242284666682,0.3121951618489613,Charge
3.6233940643780618,0.02504982508161295,-0.006006998147426259,0.02604992779660828,124.63441897933563,0.0007272195124508381,0.34544476138826696,Charge
3.595179465862509,0.026269424439993798,-0.0053984384501910175,0.037588334149937924,212.05267079990927,0.0007194981904399205,0.31635364121719967,Charge
3.6112392259188457,0.025334311385670345,-0.005592602568421362,0.03234594947734784,167.70005747434928,0.0007933443250304915,0.3329788103310726,Charge
3.5987256078590346,0.025177255623254166,-0.004917291713523863,0.03691849868215784,193.9133317921561,0.0008713252841956756,0.3205125182187583,Charge
3.63601709512433,0.024997450589037948,-0.005301236296069084,0.025660230674244004,119.69004165669088,0.000628344490021133,0.36206870683369363,Charge
3.649102591487073,0.02517547987331279,-0.004795411807548838,0.02379813616143917,114.3111096574605,0.0006026962916360175,0.37868966680150346,Charge
3.6197940993110005,0.025457659615526793,-0.005384686586005527,0.029363340156415535,154.79711166990623,0.0007358217475391912,0.341288910061979,Charge
3.626692448033646,0.02530513297145986,-0.005314551857871871,0.02894450693637591,147.49880170554545,0.0007087482692417004,0.3496007692438409,Charge
3.6396070744952893,0.025767803207055424,-0.0061641068479917635,0.023970510871376347,119.74866385931904,0.0006273834604667801,0.36621811568344503,Charge
3.646133835652051,0.02577557483946947,-0.005804355879174427,0.02359880649400938,119.17987933452656,0.0006145448246318921,0.37452991232105554,Charge
3.629838499010629,0.025001961911410176,-0.0052574302405943634,0.026600705981097858,127.67212870200555,0.0006751936100560561,0.3537568027361857,Charge
3.6427005258542113,0.025371821503031602,-0.0050258239873888205,0.023969114425720514,115.44250383746494,0.0006095569760333682,0.3703779335645419,Charge
3.666503659613263,0.02503326161726185,-0.00479975275031983,0.025394179123526286,122.39424447917003,0.0006100627592419953,0.4036247286050908,Charge
3.6329152611893165,0.0248772243522556,-0.0053280648708292355,0.025472905588450993,117.25506330304967,0.0006548731288304742,0.35791283729447565,Charge
3.6521295792135375,0.02497405960848063,-0.00501199187602306,0.02434254982576308,116.48850118010884,0.0005982436628393038,0.382845514140513,Charge
3.675260299569423,0.025399148963676864,-0.004915116005179583,0.026000670423936362,126.42515310947434,0.0006271485734074271,0.41609227862344245,Charge
3.6552699156143955,0.025378071977242386,-0.0053502573001282935,0.024416867404751085,121.86763509345637,0.0006157540053096561,0.3869976029041132,Charge
3.6693680990203745,0.02548092033530474,-0.0046350053378657885,0.02811129165743958,144.8141507516613,0.0006185818238948005,0.4077803856735516,Charge
3.663649687062974,0.02483388369069913,-0.004510846369385956,0.023404777566380156,106.41080027987691,0.0006162869251455228,0.3994690359537782,Charge
3.6722913317347428,0.025320795354331287,-0.0048548828404965955,0.02554063319597192,123.40368216157277,0.0006208636193484387,0.41193625198901523,Charge
3.6579447947431185,0.024730825553364116,-0.004444239409153749,0.024223163680304794,112.03409531356526,0.000604586966332391,0.3911573858160169,Charge
3.6782774166704746,0.025330927748355925,-0.0050584841853011445,0.02549507732664896,121.28015323603589,0.0006247854129423052,0.4202482489503996,Charge
3.6843544364455636,0.025706114724325005,-0.005128172532595468,0.026612818001692146,129.49159675492416,0.0006225075598262847,0.4285598448827856,Charge
3.6610395172997943,0.025371706884996507,-0.005422513552471251,0.023666726414363064,116.26217048228584,0.0006198300926406668,0.3953093036786352,Charge
3.697332750235993,0.025751332895454324,-0.0055626249187159926,0.02627472147273143,129.87918902117661,0.0006563409415262048,0.4451797724918619,Charge
3.6906568478415958,0.02558839079263194,-0.0049377135075379126,0.02501681236628732,116.48014099683346,0.0006263222017387046,0.43687187468185507,Charge
3.681286232805613,0.025537538479074487,-0.005007938693750799,0.026748642613294647,130.32851186572663,0.0006173421112765597,0.424404095900847,Charge
3.687702957187723,0.02580170706939875,-0.005529751392849817,0.025820521927584238,126.05806269603781,0.0006702863248442213,0.4327119367479712,Charge
3.693858771449338,0.025645696240805788,-0.005212890805939716,0.026122194989369376,125.5052683004968,0.0006288280025537271,0.44102778511719765,Charge
3.700644843840757,0.025686037382970744,-0.005425335629461516,0.02575685819506054,124.91784143068477,0.0006548698865577189,0.4493357134478315,Charge
3.731690715036339,0.02661014169239616,-0.005996913124280091,0.027535376617767508,125.91212568567592,0.0006903962809884675,0.4867385613844014,Charge
3.735272503746852,0.026365906434795392,-0.0058799494032416395,0.02675768426694463,116.57840609768529,0.00070709120090549,0.4909002531410819,Charge
3.710716498725064,0.025840872966595933,-0.005822084061040187,0.0251708098587544,116.63797661088613,0.0006806880076608527,0.46180340934386477,Charge
3.707333696399684,0.02585780607597363,-0.005950843355814845,0.026933110997676684,130.5222118033168,0.0006560423796739603,0.4576476172408892,Charge
3.7462455161612302,0.026121090730823873,-0.006162660186551014,0.02690628807456401,113.1002731390595,0.0007113227938415448,0.5033624200416753,Charge
3.749901020053199,0.026243643783097362,-0.006132240145104072,0.027574159342673193,117.3580435728498,0.0007137174218611621,0.5075182848605088,Charge
3.7243390444421185,0.025857338584442294,-0.005608453252863993,0.027257768649584752,118.61037906179443,0.0006645793788765901,0.4784308303100139,Charge
3.713921781876214,0.026289781570154165,-0.0056331417398374035,0.027263343331527464,128.11840606919543,0.0006923785030406017,0.46595927320799085,Charge
3.7037776736765036,0.025466518188973126,-0.00516489472623677,0.02700387709675211,128.14762595000937,0.0006176178106456777,0.45349555866428437,Charge
3.7607981915681328,0.02642686203299368,-0.006162943838023217,0.027599520396161877,114.3223710392778,0.0007258636662366565,0.5199860769668905,Charge
3.7209354382803963,0.026255517412133007,-0.005827959627110426,0.026956812412680334,122.5986850470853,0.0007016811938698572,0.474270984022274,Charge
3.7173972403003197,0.02630390060917065,-0.005771170440438394,0.02710084212997567,125.06481058386821,0.0006949199753220393,0.47011513289872625,Charge
3.7570988575018847,0.026663912256120848,-0.006158043420369163,0.028757751539618893,122.67669821333158,0.0007273144753040777,0.5158302243958856,Charge
3.7388933675077247,0.026364266498974304,-0.006057490447581312,0.02757062133363699,119.9110316142353,0.0007179813919744725,0.49505048701411813,Charge
3.72814246220904,0.02627062279642048,-0.006305908660529699,0.02762237992373953,125.36876198178226,0.0007004345570760079,0.4825827946720011,Charge
3.742569437692755,0.026275414855761844,-0.006051897157381765,0.027477115270342623,118.43807628053321,0.0007198125739348602,0.4992064948258061,Charge
3.7679127305395936,0.02623884559198405,-0.00600643742807716,0.027721575930173874,109.1175002520552,0.0006719231764041508,0.5283016906204513,Charge
3.753492357762963,0.026446598299205912,-0.006119358253564582,0.028081065034134215,119.90360776882586,0.0007138293676673945,0.5116742620171054,Charge
3.764460602871018,0.026347418037663183,-0.006110829327075273,0.02837297650783753,117.08840087138888,0.000735103406829905,0.5241419363995518,Charge
3.786259082532586,0.026424545433650987,-0.0065809067974174785,0.028375294382478378,109.880988903291,0.0007387642938315088,0.5490771898626952,Charge
3.7716963968270396,0.02630134842447341,-0.006453345163373295,0.028580304706431095,114.16120423596128,0.0007037719111565336,0.5324536430973626,Charge
3.7933943355426685,0.02643536094417951,-0.006566500052039651,0.028719075290392273,107.57967449582377,0.0007456399225420983,0.55738893640012,Charge
3.7896506906754044,0.026331013202447975,-0.005914271372771385,0.028982721453023493,109.45444256034591,0.000691438197753385,0.5532369454243129,Charge
3.775336904447557,0.026495338579187944,-0.00618578246668339,0.02813949345117563,112.28489698145638,0.0007344380257511268,0.5366094089238193,Charge
3.7789520405021744,0.026438331195465608,-0.0062749536582375155,0.027907173372060803,108.50148600920296,0.0007490191398406455,0.5407653225498102,Charge
3.804370852909659,0.02635953445682984,-0.006415514535550589,0.028827681518254794,104.6646921938804,0.0007643743130509794,0.5698569104973995,Charge
3.8080063594442866,0.02639194926589899,-0.006441188598900526,0.029189943067620943,104.73153888179608,0.0007663240757162666,0.5740128765188662,Charge
3.782394422693837,0.026300908719457592,-0.006001993871668075,0.028455733871715776,107.82514823745343,0.0007003543257924731,0.5449250636424043,Charge
3.8228195974907404,0.026585475528627684,-0.006678138187641332,0.032644254425501326,115.51815587187782,0.0007497221494360061,0.5906401742368933,Charge
3.8116284567068597,0.0263989887262054,-0.006448307309333593,0.029405331587066406,103.20919275281737,0.0007899240594066682,0.5781687221665813,Charge
3.8006892664930274,0.026423523656539532,-0.006664338715706289,0.028971860860208355,107.29856855938318,0.0007751897600276045,0.5657009182845729,Charge
3.826972848362551,0.02719127234403549,-0.007175802644476862,0.03227806216149226,117.82843590302417,0.0008236706389526345,0.5947922640308158,Charge
3.8353245014352453,0.027197351400515678,-0.007241644000146664,0.035961072442608814,131.08785849892544,0.0008001680841908563,0.6031078759555575,Charge
3.796801361994397,0.02637000966649742,-0.00582059048239638,0.030377779381485785,113.71513687618331,0.0007181787539229154,0.5615488234574908,Charge
3.818881030362664,0.02666354589054696,-0.0064067383356183555,0.03310327962455368,119.7727294666029,0.0007622580220705011,0.5864843010110938,Charge
3.8150964190513927,0.026587392838204205,-0.006128354788465937,0.031222899017589605,110.55253631483234,0.0007611434091613616,0.5823283043685945,Charge
3.83091613498462,0.027354769700561703,-0.006715077059961681,0.033452469160329845,121.67188954621263,0.0008235374634855418,0.598952004777274,Charge
3.839878812384007,0.02752267450404801,-0.00744201808423496,0.03844066615737622,142.95716848276993,0.0008652511391813514,0.6072637509351619,Charge
3.848743338403812,0.026358244335713203,-0.006482952182291475,0.057411970550246716,215.41019567041357,0.0011332669237332582,0.6155811132118624,Charge
3.844225661152863,0.027119158554116438,-0.006448314037922932,0.04747756500759995,179.93737712682025,0.0009526237927076171,0.611423869712518,Charge
3.8952262390005794,0.02637572818123811,-0.007295207920017947,0.027757198376552467,120.23928836950753,0.0007370442929915024,0.6612903559310017,Charge
3.890222210350203,0.026518214786317953,-0.010780586906785775,0.03397315756928302,136.52654875769744,0.0007097161742372638,0.6571345660415517,Charge
3.8522757488475983,0.026659303075997523,-0.004287049237232753,0.09992377369515526,434.17656744011674,0.0016042803950438945,0.6197393548498096,Charge
3.9029194873979294,0.025574625323878764,-0.0057388928061634465,0.021111501500182563,89.71148082224384,0.0006697974632145648,0.6695984901964813,Charge
3.905957468792336,0.025455781271433983,-0.005150366964492909,0.020948096248270653,91.95122902645697,0.0006580902031528657,0.6737544186883697,Charge
3.914015966460633,0.02530726010390506,-0.004934311207096024,0.021343963606670954,93.18137044618675,0.0006437417407982804,0.6862260556209036,Charge
3.8636368976351796,0.024441991810481057,-0.005609264414847811,0.0998379309103696,389.89439772050565,0.0019532373282506125,0.6322076157603752,Charge
3.899507894424942,0.026005506943568263,-0.006675813728935559,0.023564012694912997,104.41152169204231,0.0006891369644956404,0.6654425467748291,Charge
3.90855678852864,0.025028011248118917,-0.0045568013888038295,0.02091611104668384,87.49325439113547,0.0006196442627228137,0.6779141767825412,Charge
3.931906252338943,0.026525045219241542,-0.005600624934380999,0.02263047049748721,113.7000612577223,0.000690871054570108,0.7111580811270883,Charge
3.9112572782245114,0.025293532834329786,-0.004833216580590242,0.02133955741563655,93.17871181480517,0.0006296873627523439,0.6820701938715394,Charge
3.917041367409921,0.025807383223529216,-0.00534942386436285,0.021301810359414808,98.88297596291892,0.0006734872620141417,0.6903781352088052,Charge
3.8683751184923114,0.025352544229400246,-0.006504103546412346,0.09997951706180287,403.05228000451524,0.0016454896904182367,0.6363622435861079,Charge
3.9197637624878148,0.02574731914638343,-0.004648002233229296,0.02177919447674001,100.77808069236669,0.0006524044794092257,0.6945380153130675,Charge
3.8565585871862536,0.02574394446980246,-0.0058091289145317995,0.0998062011449693,405.7213934634561,0.0016281102929394187,0.6238946763804383,Charge
3.872135462929712,0.025030848118822682,-0.004448405685425229,0.09992878097475083,421.42624745125795,0.0019788891693997743,0.640519397190692,Charge
3.9225981493486537,0.02580076191621069,-0.0048453893765527615,0.022719141829693656,107.39248751355186,0.0006423317331957808,0.6986940661145954,Charge
3.928548731790524,0.026251767636130904,-0.005167632789580204,0.023362967287284202,113.65748849731538,0.0006470225159137306,0.7070060737905486,Charge
3.9255153255142714,0.02609963251582345,-0.005025020713592231,0.023237377571437387,112.48918345767017,0.0006512869093849079,0.7028500525554963,Charge
3.8757815789237076,0.024812789380230873,-0.0046308188444620264,0.099959932742963,422.872925242869,0.0020139324816195996,0.6446759318362777,Charge
3.8596511108527145,0.02446366250510157,-0.0034621598765650825,0.09978854826405625,405.14551661161806,0.002154827030854802,0.6280521193335153,Charge
3.948921065822461,0.027130644503247064,-0.006053524128043825,0.026253547982857547,138.89175153905978,0.0006994948100345578,0.7319375449637232,Charge
3.938269217250395,0.02630465533680983,-0.005404272371268346,0.023899931611699704,117.68838183958749,0.0006434243124023834,0.7194735701692072,Charge
3.9452766640535963,0.026472524411750242,-0.0055182192290144354,0.024880993714052384,124.854080917125,0.0006300576262070045,0.7277855313942163,Charge
3.934996522128686,0.02637226057755967,-0.0050351314254587064,0.02418521537911003,120.57384939290935,0.0006407976531033756,0.7153178175811671,Charge
3.8800317426676703,0.025190622019776832,-0.005613366269034538,0.09996469288124081,431.7084016446061,0.0017105493955894857,0.6488312945788827,Charge
3.9418427750414557,0.02666700109807444,-0.005938883792954648,0.02385272378607655,120.64673185924214,0.0007020792408848823,0.7236256160827368,Charge
3.960450142386878,0.027361890422379014,-0.006489410510861153,0.027599698153429008,147.47028552802993,0.0007229248048594449,0.7444050079367385,Charge
3.952552644720531,0.026899919969446236,-0.005612434877882711,0.02713138426140424,141.3846712118173,0.000658318734939027,0.7360973069968602,Charge
3.8839685663277144,0.025464267673389156,-0.005147400388346785,0.08854637572082144,390.6575108487228,0.0017279644501066048,0.6529876217209112,Charge
3.972930090274224,0.027563994082056474,-0.006730560864732219,0.0298830147767242,162.4049228331631,0.0007220926838790154,0.7568729490318221,Charge
3.9563603429390906,0.027003213315935713,-0.006047117338824228,0.026503704561339658,137.72772848049772,0.0006602377867511297,0.740253008913569,Charge
3.9645447444564583,0.02736175357829151,-0.006400161675074744,0.028054420509722348,148.58037547752227,0.0007219836783080929,0.7485609710067289,Charge
3.9862335730408596,0.027539291768317396,-0.006715260530566656,0.03023615864546852,163.0069990400466,0.0007343127835010201,0.7693406035173892,Charge
3.9997987061246545,0.02715295224565792,-0.006520057068440354,0.030873171275686492,163.78007754428387,0.0006573212908900158,0.7818120875471639,Charge
3.968582666365935,0.027078039444544746,-0.006091710574641568,0.028799985211545743,150.3289216072461,0.0006798036082309978,0.7527208651721773,Charge
3.9953316738884,0.027579296352108196,-0.006738883168221954,0.03149621792684772,172.57993136042145,0.0007245741590193972,0.7776523706183529,Charge
3.9817827939781,0.02757434257805958,-0.006671990846151024,0.030509996432014932,166.2693984938215,0.0007245256186355625,0.7651846967071889,Charge
4.031169777780401,0.02727294288864762,-0.0064064519702437175,0.02857220387691165,156.13050676340234,0.0006819473155303481,0.8108991989943972,Charge
4.017971626084146,0.02714262079195698,-0.006385946762092954,0.0301073724315379,161.91072281235208,0.0006447067892557106,0.7984355075417081,Charge
3.9773090700650013,0.02751254711265204,-0.006575333975637542,0.030294228680460562,163.3798606073233,0.0007376605740640496,0.7610287680903703,Charge
3.990822504882893,0.027308079327746208,-0.006850534236107561,0.029576695120374998,156.50440608605223,0.0007175119316010208,0.7734965088683128,Charge
4.035348666840857,0.02720634425983208,-0.0061987939453683,0.02894072676632322,160.05553217405142,0.0006904963403901905,0.8150549440352767,Charge
4.026903484574304,0.027338942118885837,-0.006618676800651532,0.029197437406727974,159.62471799031647,0.0007046104392023625,0.8067433664551177,Charge
4.047290413984517,0.026929638572371947,-0.005831439639197081,0.026842473644233825,149.19129940487068,0.000673857265620966,0.8275225624008941,Charge
4.004347466900468,0.027848779655713557,-0.006987493135635,0.03201024389034367,177.27553966705324,0.0007268637208536096,0.7859639821433331,Charge
4.009058802100186,0.02753484518966649,-0.006896184848083922,0.03010526953979551,163.36043417379062,0.0007130671786042996,0.7901197888025683,Charge
4.013531902232548,0.027598043897642928,-0.0067015563724153685,0.03085859169365409,168.45735857738242,0.0007246972524292684,0.7942756741052326,Charge
4.022387733278993,0.027624453327181102,-0.006794307200798301,0.030360501669296405,168.06225544811952,0.0007143404964360658,0.8025875528349062,Charge
4.054544545252924,0.02667808214798309,-0.0057854465700181825,0.02418982070818095,133.7418969751681,0.000665560562304147,0.8358344539237733,Charge
4.0395033958406605,0.02699627097062158,-0.006242399356368145,0.026889307889317014,146.0880585303547,0.0006773445108855701,0.8192107483190961,Charge
4.050844923486323,0.026552859088346037,-0.005343074904264239,0.026023774815674916,140.91741126609995,0.0006163069199849117,0.8316823175262947,Charge
4.0434630174389845,0.026792189688247207,-0.005928754907422938,0.02726544442269525,149.65117637822365,0.0006643161383920841,0.8233666617863656,Charge
4.0612184967522795,0.026156798042796435,-0.00517196937601751,0.022184987656144052,116.64698641810493,0.0006142892408120785,0.8441464099623955,Charge
4.069687828291345,0.02528629671755841,-0.004390045964859909,0.018896562045896816,92.91071909549646,0.0005792110544666686,0.8566140996550731,Charge
4.057999752402033,0.02640671645800531,-0.0054119501390742925,0.023171719397859586,124.6784954552943,0.0006458176874396684,0.8399904955858395,Charge
4.064235649407389,0.025943239909682368,-0.0048745196663520386,0.02119771966375731,110.42675459389794,0.0005995436539850194,0.8483022569403665,Charge
4.071990416550782,0.025168398323255226,-0.004023003662788368,0.018668156796831203,91.06563295698595,0.0005681997249555532,0.8607699091531008,Charge
4.079609221885225,0.02400373305277836,-0.0030699037515214958,0.016604373117329027,70.80972557296592,0.000494903361913673,0.8773936862001125,Charge
4.085562114734525,0.02343383925033607,-0.0026948920349959098,0.015712062764767963,62.3029344188495,0.0004763600758196738,0.8940171781990578,Charge
4.067099817903894,0.02546896434729786,-0.004660486717623607,0.020060951661611922,100.48194423834374,0.0005898624860446642,0.852458147997702,Charge
4.081108997164471,0.023977187291941763,-0.0029050765105807,0.016674919980512858,70.46446725756209,0.0005111327869075121,0.8815494139441781,Charge
4.088422068450841,0.02379400457209505,-0.0026213625712838053,0.016435714985737458,73.38743939112844,0.0005102297437958353,0.9023288677161375,Charge
4.086905650432722,0.023780462021495894,-0.002604895146835825,0.0160268254233861,68.08173972665493,0.0005222829247512985,0.8981730932039554,Charge
4.07412521276299,0.02487927360204079,-0.0036406969538076224,0.018579768787561513,89.07953046279165,0.0005338166746473433,0.8649256515752816,Charge
4.076157247667531,0.024283799438636004,-0.00347681769510944,0.017032774619060373,74.13877574191704,0.0005190878978720937,0.869081704421614,Charge
4.077882006604198,0.02437014955242631,-0.003150594160694098,0.01715427830747375,76.6604070613844,0.0005392644193520117,0.8732377947640632,Charge
4.082646125504511,0.02363665108107983,-0.0027508854373486176,0.016331708924277807,66.15994078562917,0.00047920117874273134,0.8857053886073183,Charge
4.096332804676074,0.02495779045093386,-0.0035794116931034247,0.018304634099041525,95.42583135738295,0.0005608524673250124,0.9231084775784789,Charge
4.0840659028531485,0.023713447089566464,-0.002691869111486511,0.016026638647153712,65.24319690520642,0.0004971525380761651,0.889861358389692,Charge
4.1003604288058355,0.024794459961231422,-0.003786824970336198,0.018555583937556394,90.9060641658234,0.0005685023702741021,0.9314201265777509,Charge
4.089817574469173,0.024185057678562216,-0.0026935175288059364,0.01724738460474331,81.96691738481736,0.0005249541819306568,0.906484649459156,Charge
4.091480862076309,0.023602245729400926,-0.0029267555027524205,0.016691853622155285,72.21089470497074,0.0005021796418453744,0.9106405361788832,Charge
4.092990906116045,0.02410412713683928,-0.0029768811851710666,0.01754374207210214,81.87357089295068,0.0005276738140237566,0.9147965383685329,Charge
4.104546007743379,0.0259046064323134,-0.004066809477462072,0.02118615606859131,111.88465701052576,0.0005943861198284375,0.9397317006582881,Charge
4.112660570497417,0.02701690562700199,-0.005268617262501814,0.02552763144546672,144.55609458489076,0.0006502048716394097,0.9521996859420394,Charge
4.094527678349337,0.023637620241196707,-0.0027361843004806916,0.01763220221627096,76.69070423322631,0.0004993639762777045,0.9189563963121239,Charge
4.107081564408379,0.026192090803743108,-0.004357041432530659,0.022187189931438665,119.68973909115311,0.0006051185384412437,0.9438877136634326,Charge
4.098294802288319,0.02485855780315331,-0.003585592524757655,0.01868325770018109,94.18273466750725,0.0005458037606804057,0.9272643103937467,Charge
4.10239973158586,0.02528120873589179,-0.003960681786490471,0.019210534676498865,96.57414200623751,0.000579308134458321,0.9355759267480915,Charge
4.115811108727519,0.026702614503444706,-0.004942000478655833,0.02696437580066872,146.68980462519812,0.000614484482558603,0.9563595525764356,Charge
4.123417233956896,0.02791334993101369,-0.006243435695530953,0.03374321095245621,186.75120860620217,0.0007120237610230682,0.9646675900012704,Charge
4.119446460208904,0.027665213970147155,-0.006027491137405825,0.030306516446296665,172.08548043233094,0.000691274280351397,0.9605116245547247,Charge
4.181438630791654,0.022842843818750885,-0.0070012870087657305,0.022129697744976137,49.37040567229985,0.0004914803999891689,0.9998255592524846,Charge
4.138066435249504,0.029098528925918764,-0.008224257860009186,0.04828298651293115,252.64354070838965,0.0007793763535455307,0.9771351269896453,Charge
4.109613478475175,0.02597987039501748,-0.004317472630142974,0.022895182095228526,118.15242654317515,0.0005824854284837537,0.9480476213977466,Charge
4.144253333591454,0.029351863011926715,-0.008802819590354045,0.05447090894679636,271.0664538874017,0.0008211962159831623,0.9812910363667693,Charge
4.127934907632623,0.02805155972182834,-0.006794195688988293,0.03596218210698804,194.3550955246809,0.000743372960839777,0.9688234230435053,Charge
4.132554171745657,0.028182822834299598,-0.006787838897866435,0.043219261914667385,228.9776751312826,0.0006957649491783794,0.972983175023307,Charge
4.158172126068987,0.030140303152852252,0.01278303988849364,0.05735220267773889,268.72739501681673,0.0008136817008452997,0.9917055748913963,Discharge
4.1511728314303395,0.029669736845168333,-0.009709662386761627,0.06159212694892051,291.6071205216073,0.0008494236243286488,0.9854468985821014,Charge
4.128275906688316,0.02867916590958063,0.008157433694139555,0.03365732427331707,189.62066959696682,0.0007102511239607434,0.9750822792127973,Discharge
4.122800887750362,0.028152732779715223,0.007511308707663928,0.02743403061756725,157.64428125513658,0.0006844343926645594,0.970926326155363,Discharge
4.168706820367761,0.030630802080442252,0.014972996786678343,0.06912208008998752,298.83135681714793,0.000872543392417638,0.9958614638790695,Discharge
4.167031835817662,0.03031810238558476,-0.011964678467403582,0.07799533438237202,330.4684183712955,0.000860331233668337,0.9937626081648702,Charge
4.113728748387417,0.027184296820157633,0.006279418690882861,0.023638416753589457,139.58279828838494,0.0006627978197777251,0.9626143726238606,Discharge
4.1765352586060756,0.028747619249589657,-0.01172508245075245,0.06023304686100659,248.04585422395934,0.0007922400798011014,0.9976932015749755,Charge
4.1411848715314274,0.02928143224173207,0.010083582966538057,0.04325448899957526,228.13331269766016,0.0007673739008743814,0.9833939521609559,Discharge
4.158538881002086,0.029421454084976945,-0.009658048802830882,0.07398137471254415,332.9593150830285,0.0007704081018113682,0.989612874196921,Charge
4.1490942667678015,0.029648279546542887,0.011303412365937567,0.05019603502090015,250.1682650462026,0.0007788656601865466,0.9875497965861512,Discharge
4.1007595545236155,0.026333360269265117,0.0046316441870869075,0.018416881865341676,99.01348255295336,0.0005873613652150023,0.9459907219534917,Discharge
4.134334459540418,0.029032142224688345,0.009095834867306815,0.03751582238809768,205.45991741486645,0.0007497205931880862,0.9792381219917078,Discharge
4.103390567198924,0.026338993098584906,0.005173721406041678,0.018526323907682763,101.99063832990203,0.0006025584568667572,0.9501466334763093,Discharge
4.11805675417449,0.02772803640450021,0.006600840849431316,0.02634344256957952,157.36747517826984,0.0006868977017420997,0.9667703926243285,Discharge
4.095677772117123,0.025426534752388062,0.00426004042883605,0.016422972772813207,78.02591118787502,0.0005612423936637651,0.9376786900142485,Discharge
4.0934917289599895,0.025171763177833303,0.0040621420548605,0.01607536229686569,72.52027898673053,0.0005614953086914449,0.9335228504433779,Discharge
4.098104489291292,0.0259091314370057,0.004505754000770353,0.01732206127503391,88.02634679777844,0.0005621858510627342,0.9418346592263884,Discharge
4.109968500299074,0.026882002147621358,0.00570611463806278,0.022476631484418808,132.05357905416614,0.0006373263028320573,0.958458528950138,Discharge
4.106520224841341,0.026732684326440177,0.005391912060181941,0.020575116224640276,119.96707103446643,0.0006129378865662794,0.9543025684234818,Discharge
4.089443829525374,0.02432263666614162,0.003659705034644487,0.0157400498978727,63.081110761367434,0.000527926448165073,0.9252109681890018,Discharge
4.091483791944303,0.024835233072282532,0.003758672926263977,0.015996531678948253,68.04334823548477,0.000546633614466915,0.9293668419124718,Discharge
4.084334011532486,0.024021636261584278,0.003177058692254496,0.01588533216595741,59.7602384350518,0.0005168851603041141,0.9127430583812581,Discharge
4.085953642963596,0.02404754251171004,0.003381550526798943,0.01565232617151373,58.695843061445856,0.0004891756640972111,0.9168989171717452,Discharge
4.087702954862839,0.02429249704112886,0.0034945034992758107,0.015772488678137464,61.58324959610144,0.0005322662937554023,0.9210549329712157,Discharge
4.079777607176569,0.02361609668295653,0.003091856648177524,0.016304127070858702,55.29305296609833,0.0004885419481170954,0.9002751838861918,Discharge
4.081261740236148,0.023606270268524437,0.0030569458334368904,0.01618350766249759,55.47456780852563,0.0005174982020298867,0.9044310966835435,Discharge
4.0753399879349,0.02403090976447255,0.0030687290323662087,0.017301522650884145,61.64839270888577,0.0005171522670189891,0.8878072735523357,Discharge
4.082772943441438,0.02378158863772387,0.0031424334424965724,0.015916283193995732,56.38068027438287,0.000493483797776459,0.9085871903697907,Discharge
4.0663667778165875,0.02541536828479075,0.004001190660738943,0.020881815408619064,85.00187221578233,0.0005910342806100523,0.8670276899725702,Discharge
4.061497697012682,0.025731996022026783,0.004631704276036963,0.022641089325217165,93.89744565744735,0.0006416700038543293,0.8587160115460291,Discharge
4.076808765630458,0.023895340189418513,0.003063642500199466,0.016803049419684933,59.40743629913504,0.0004899097132591087,0.8919632407854281,Discharge
4.05267253684165,0.026662223766530314,0.005578171152742819,0.02603406105211026,111.0350597316865,0.0006886774104664672,0.8462483041036979,Discharge
4.078315697836775,0.023614097808709048,0.002973673683460536,0.016685430221926985,56.813256185270575,0.0005205546037468665,0.8961192758277537,Discharge
4.073750307247826,0.024043983529922073,0.0032216084674982206,0.01777613639127998,62.988441427965846,0.0005160710224828898,0.8836513379299253,Discharge
4.049340886048898,0.02695117849472059,0.00576980515133718,0.027959138475604748,120.83296022018733,0.000702715975104057,0.8420924132366499,Discharge
4.072098493714936,0.02440504294491121,0.003320879761608247,0.018369309273257965,68.34391033583782,0.0005395981821299148,0.8794954661790735,Discharge
4.070392095173261,0.02462817817332499,0.003523673973147365,0.018929615756350472,70.30314894720976,0.0005656355191959988,0.8753395530701561,Discharge
4.055808447766327,0.026320459959637717,0.005317247530320891,0.02466291989534824,103.59526162932568,0.0006851386096979344,0.8504041898484126,Discharge
4.064053775140938,0.025566385348721198,0.004360412346842205,0.021494801939538,87.25370135701075,0.0006157263452891296,0.8628718052853613,Discharge
4.068392840102449,0.024881586370216573,0.0038323216538376247,0.01959589740230547,75.60402251985926,0.0005694717721712162,0.8711836489213383,Discharge
4.058759161072469,0.02607142000644793,0.0050595967816939435,0.02355333385509162,98.02822346034623,0.0006639834014269514,0.8545600810749173,Discharge
4.03815442079174,0.027257327548990424,0.006436000875735573,0.03132999099570024,132.7335192054425,0.0007433265803178461,0.8296244643606502,Discharge
4.042103777359328,0.027181328215055867,0.0061359742372432404,0.030444399919712917,129.45558147391964,0.0007271752712888462,0.833780503533727,Discharge
4.0300533283902595,0.027433809355995945,0.006746258724333908,0.03363471077783302,138.1493074660356,0.0007680448636745282,0.8213126484229981,Discharge
4.0257080760548405,0.027370145065784706,0.006980867116981827,0.03383809106329873,136.95964876749645,0.0007660221088313491,0.8171567232788147,Discharge
4.045845977436369,0.027092316258891778,0.006004301210265437,0.02929360173861368,124.35412337525204,0.0007018276404466695,0.8379364274994638,Discharge
4.016824082526774,0.027381165328846484,0.007183604139508363,0.03636107504672954,144.1936636883713,0.000774653753546832,0.808844880924098,Discharge
4.007603355710331,0.0274475068678766,0.007379201938689081,0.038161503268010835,147.9608109748526,0.000783104346445193,0.8005329186647747,Discharge
4.01233985526465,0.02768125698895642,0.0072234428173027585,0.03862966931979851,153.44983484226893,0.0007814721532171354,0.8046888794315435,Discharge
4.034156448575984,0.02726312401009937,0.006612243644495774,0.03219426770371855,133.01134626255183,0.0007512358439248377,0.8254686059932239,Discharge
3.9983636579350517,0.027268358556386933,0.007007575377100165,0.0415052217382481,157.05691699553017,0.0007001156349892911,0.7922175204962378,Discharge
4.021398408156796,0.02749739067392174,0.006949361844601842,0.03611188077768945,145.86362924310018,0.0007619690234830299,0.8130008479121066,Discharge
3.9935306708432163,0.027805592089270737,0.007571024521196062,0.0436140758737216,168.0627503009954,0.0008011146028582284,0.788065481719478,Discharge
3.9839141113285597,0.027668199653818924,0.007598570547177378,0.04420283119121932,166.2299190410244,0.0007976809611687447,0.7797534750320525,Discharge
4.00300155289974,0.027650572252242656,0.0073350937988816,0.04043692644901199,156.55833641017057,0.0007881954345190268,0.796377071431343,Discharge
3.9698273272480193,0.027398261733700014,0.0072807265160634614,0.04755445852567688,175.62517471883885,0.0007823601004277857,0.7672856114764195,Discharge
3.9566174662846287,0.02694646162735612,0.006460418138396624,0.05170372351484693,187.20763262559376,0.0007643300449958264,0.7548137574930062,Discharge
3.9888052796050215,0.027233657156000873,0.007049435939262145,0.043656759463714855,161.69560711829192,0.0007058091880995613,0.7839055616109448,Discharge
3.979097011577382,0.027267462094432923,0.007265356899363259,0.044331116057959453,161.68648970976855,0.0007822314284820813,0.7755975560750654,Discharge
3.974645303479921,0.027094769798320355,0.0066378648468147965,0.04733323186307717,172.77186493676393,0.0007335398309860066,0.771437767659487,Discharge
3.95229631292547,0.026752214077750205,0.006204846265752338,0.0544447106245626,197.87136515240118,0.0007402264641051254,0.7506578383163582,Discharge
3.9654278527363913,0.026889647845234323,0.0064119946036063314,0.04926871669661213,177.6481074727879,0.0007390838833679804,0.763125619711321,Discharge
3.960954151373082,0.026896407373560582,0.006633458505103601,0.04987375887250414,180.19701845893445,0.0007263709798854144,0.7589696887856889,Discharge
3.9206942794722646,0.026750182027038494,0.005047200425033863,0.08854715142185358,348.24125086362153,0.0009408187828615567,0.7174102097832006,Discharge
3.939945614837146,0.02680486083775761,0.005707312526814427,0.061834558041209915,230.27979222228836,0.0007948704945005634,0.7381898513849081,Discharge
3.9481345315129737,0.02685712815530158,0.00601847255169173,0.056366291183105495,206.6754616279378,0.0007514677077166929,0.7465019012889736,Discharge
3.932208286049685,0.026919296011313962,0.005240331881043953,0.0736975850736725,283.1264072896153,0.0008577695319689269,0.7298778373711873,Discharge
3.917120744453514,0.026706631550996028,0.004566241350866695,0.09845467463543507,395.9716399244843,0.001029361273256661,0.7132517081209152,Discharge
3.9440783441556926,0.0271601600958874,0.005803174323881959,0.06316780760069061,238.296891548822,0.0007977288558808488,0.7423458349746036,Discharge
3.936077791397903,0.02695465900639428,0.005406213212904715,0.06994065204506095,266.79415908197,0.0008077436439268261,0.7340338966555484,Discharge
3.913035277943517,0.0265518182911176,0.005270907192832524,0.0998311907405406,399.1517599969285,0.001078506977043252,0.7090958691435936,Discharge
3.9287614437896434,0.027867398073015012,0.004571777445942189,0.09752352070535027,409.7015861270342,0.0008641723553899748,0.7257193539230212,Discharge
3.924623365419177,0.027043987477378857,0.005445200341173406,0.08925885839464004,354.2088632338494,0.0008717572930205152,0.7215661129893155,Discharge
3.871098317158404,0.027239863406793508,0.007687577049682842,0.028439982958225675,131.26156490071426,0.0007461283403648209,0.6800110381951018,Discharge
3.8899902410541194,0.02761680502460115,0.010762074257472718,0.05396130882885357,208.7694591096211,0.000810602436110653,0.6924748260871956,Discharge
3.904149568580139,0.026724971626967693,0.0061648619515876045,0.09938561399445872,395.2647526217702,0.001225462894366534,0.700780930665221,Discharge
3.8664147541139497,0.027172735259261227,0.00699529542902362,0.02534892215979496,124.14046716288892,0.000710583101735702,0.6758549567047021,Discharge
3.882839608078846,0.027662745572933717,0.009681652577331789,0.0435573856489581,180.30698845918434,0.0007658973183914973,0.6883189962100225,Discharge
3.876391959923856,0.027440243227396365,0.009142320287956522,0.032461576879211806,141.10100473993393,0.0007612463574789602,0.6841669528776635,Discharge
3.908859475114925,0.026389952855957445,0.005321845876502364,0.09985721523504454,395.51426820195553,0.0011540344855965193,0.7049381519194473,Discharge
3.8623401895303964,0.02670956421684934,0.006359615346742066,0.023265071845687456,112.70397378008461,0.0007112537972724974,0.6716989722345057,Discharge
3.897726517441768,0.027274090583418953,0.008633116746961239,0.08923406354829447,350.9808299392837,0.0009921618391976585,0.6966263767538278,Discharge
3.8585311954885038,0.026662256725376466,0.006042024703788173,0.021608877210682893,108.50205949272602,0.000695089787091097,0.6675429523989977,Discharge
3.839145555174779,0.026141458691909206,0.005177288074350223,0.019781628884751674,106.93860565159376,0.0006392386294364242,0.6426071648680638,Discharge
3.8549916588966737,0.02624331828033943,0.005851109427553479,0.020127040364706812,97.98020974425326,0.0006763830982191308,0.663386953449915,Discharge
3.830019751664727,0.025936529315881612,0.005125521781749303,0.019738637771385698,105.77980265669024,0.0006336922374192349,0.6301394744498268,Discharge
3.8207308453408206,0.02612401820412959,0.005355861515739267,0.01962618875105746,106.8809062224291,0.0006444420509055339,0.6176715220509815,Discharge
3.8421884801557895,0.025821056742346787,0.005250471709946982,0.019051624137613677,97.1650657069081,0.0006536356382664131,0.6467630628915847,Discharge
3.8330515323521266,0.025913727748718685,0.005278482862953347,0.018767084800438538,97.37020074944772,0.0006323031437255472,0.6342954150919321,Discharge
3.8516415131351347,0.025791430258950216,0.005584319225871619,0.019693077653560168,93.56716668631957,0.0006641180972853097,0.659231053512545,Discharge
3.8452629760742605,0.025853814657944767,0.005365855661716449,0.019010239720963874,95.3069177956844,0.0006565861865060448,0.6509189066204419,Discharge
3.8484466594239897,0.025923268150051183,0.0054692094068845495,0.019162791114867322,93.62701525258018,0.0006580403090362301,0.6550749249949647,Discharge
3.8176279125797326,0.02621817847880891,0.005166773156015372,0.021203224114636956,119.37099151567921,0.0006411736327044138,0.6135156886702842,Discharge
3.8112979019154705,0.026114128562856782,0.005381065007085809,0.021685684598035028,116.96018678831082,0.0006391091892145405,0.6052038702989638,Discharge
3.8081186029100085,0.02610655899394389,0.0054282715599545716,0.021372405036620575,112.55953443827195,0.0006414056522584473,0.6010479415666921,Discharge
3.836103024473458,0.026018485129431355,0.005274444652140561,0.018852726645694262,98.50830098377833,0.0006332652544677962,0.6384512489944684,Discharge
3.8048963423831306,0.026240087763865026,0.0053103216141459995,0.02276745954474638,122.85535633129967,0.0006509811478357855,0.5968920851047049,Discharge
3.823870023391383,0.0257752447952537,0.005248463860855558,0.019730742899008693,103.3678895953502,0.0006366808867795541,0.621827468219495,Discharge
3.8269480896525523,0.0258643082075775,0.005371441884085676,0.018919233680335837,97.94818662015444,0.0006459025078882913,0.6259834518715696,Discharge
3.814474276703895,0.02607157873535155,0.005369643417036816,0.02087328542018515,112.41681684053259,0.0006448968687284503,0.6093598269038382,Discharge
3.801595715939388,0.026332725779637457,0.005272228752610355,0.02318938121826435,127.63756624090718,0.0006402829825293376,0.5927360344252429,Discharge
3.7982952299953734,0.026283752550345322,0.005437682038060826,0.022849885502450398,121.40016298258624,0.0006400982213622219,0.5885801986086718,Discharge
3.7777230802223283,0.026046336313189762,0.005688431911236313,0.02471523559873989,125.85961559471609,0.0006424715543200348,0.5636443727348918,Discharge
3.79489646284917,0.026153777293112333,0.005492129510522313,0.02318937436918156,122.57007011172036,0.0006557474754132712,0.584424209377307,Discharge
3.759805987724048,0.026051075073198794,0.005735291069089127,0.02824862986592673,144.14083577776557,0.000635912465213535,0.5428640541637932,Discharge
3.791541116632131,0.026209870417640477,0.005461865774494733,0.02439730131378139,129.81828461341374,0.0006564872218457357,0.580268181895198,Discharge
3.7670900472717346,0.025993275680711497,0.005661647772996777,0.02757807755322878,140.84546693949417,0.0006623073089776681,0.5511763794325326,Discharge
3.7634332020738634,0.025973081600292155,0.005739447333158032,0.027822059580825984,141.65363729551396,0.0006389517669393268,0.547020230897812,Discharge
3.7846394047651057,0.02600894466053044,0.005599740772555916,0.024466916479639812,126.1897863522959,0.0006464607655477112,0.5719562340202209,Discharge
3.7880773338172657,0.026024379364114676,0.005589156870802651,0.024082625597667277,124.63373256696146,0.0006499876761937746,0.5761122437813261,Discharge
3.7811800613424635,0.025925149798471905,0.005709838390723611,0.02398832338955351,120.66293783453125,0.000640114333374317,0.5678003262803161,Discharge
3.7373095773116356,0.02581175950728001,0.005773559422344542,0.032684503054364225,162.6719168218277,0.000661251117489683,0.5179289353665674,Discharge
3.770678921331703,0.025979604884337825,0.00564353594799074,0.026764891210750468,136.75830155057005,0.000656405790652425,0.5553323499983677,Discharge
3.7742575275257186,0.025950895986019826,0.005694928051492822,0.02523345885335778,126.07587800947341,0.0006568753576084921,0.5594883974375748,Discharge
3.7449283368912143,0.02574741628549985,0.006003966331331482,0.03152067619517708,157.46885524578352,0.0006525100481967134,0.5262405884050235,Discharge
3.7411281296875627,0.025959488006153247,0.0058206017957016165,0.03178672861627676,160.5650933945251,0.0006556122668582638,0.5220847180667589,Discharge
3.7524935353107396,0.025938502610308077,0.005675310220195764,0.029519527059649876,147.95649394954057,0.000667394264949118,0.5345521775486384,Discharge
3.7296758339525136,0.025743042387717407,0.0055737365939410475,0.035931680765447664,187.82648942684568,0.0006151929826194208,0.5096134650878332,Discharge
3.74888961347165,0.025668797369092278,0.00541299691942081,0.031548476006940766,156.24116276313507,0.0006120174504980636,0.5303923731548822,Discharge
3.7561937299669617,0.02617636399395653,0.0056275355333221845,0.03045357490082521,158.04268271647345,0.0006447898994301414,0.5387079936450695,Discharge
3.7255168747810647,0.025853556098283634,0.0061298483497394885,0.035997400727019895,188.79302926852625,0.0006575485089605432,0.5054612586540821,Discharge
3.7131280761191796,0.02563321838509623,0.006326920186356894,0.03797464650402512,199.1836306443926,0.000660982343672736,0.4929895087659731,Discharge
3.7336108608872616,0.0257502430557173,0.005344750489173965,0.035726388568752335,182.1641551367881,0.0006194365193781889,0.5137692509431245,Discharge
3.708677471993171,0.02601267545070345,0.00662953465702783,0.038006877232942965,200.1861234296865,0.0006721797128601308,0.48883362962914073,Discharge
3.703579216057148,0.026769320447983077,0.007597947620223796,0.03659604962337192,197.50175128412903,0.0006970472654218931,0.4846815016338755,Discharge
3.7174038223139974,0.02538665711260099,0.006235099223658556,0.03687835039369548,188.70770831227847,0.0006416708740755421,0.4971454747977998,Discharge
3.6576383371382954,0.027467261834172505,0.00754335581457525,0.02950328068716568,166.99576088675659,0.0007460410039690534,0.4472775459234531,Discharge
3.692878905522791,0.026990277682177245,0.007876795452276174,0.03176118623168028,172.2701177162446,0.0007330262705877858,0.47636953791812064,Discharge
3.6778078202627986,0.027160699126749382,0.007486160710194618,0.02917632111477722,159.25508971319488,0.000728360925425376,0.4639017152489125,Discharge
3.682867099877373,0.027608120534392443,0.007467241841406829,0.029304065789027372,163.5283082908338,0.000724814188178764,0.4680576712348992,Discharge
3.7216054259143667,0.025364257048071492,0.005432616522914783,0.03843330119302996,199.85059993503648,0.0006590909150044735,0.5013014349723552,Discharge
3.6525566530132156,0.02734532728782878,0.007498062669130441,0.028127702323584414,159.40606146457586,0.0007366199186586761,0.44312161320410137,Discharge
3.6982305956261907,0.02691272579919219,0.007763553188455648,0.03457474243726797,187.40638658157368,0.0007099097276021674,0.48052560860264254,Discharge
3.6379772599559947,0.026885753042987768,0.007131287767833779,0.026839548798652666,150.00337900994845,0.0007346014522358967,0.4306540548962831,Discharge
3.642786095414768,0.027061125202379133,0.007276500467630717,0.02691316250809976,148.9165996555216,0.0007352278493858098,0.4348098049203715,Discharge
3.672864295062101,0.02750094879457243,0.007435366933328507,0.030467774871787225,171.66666516224035,0.0007309266223039362,0.45974558734291204,Discharge
3.667808014059259,0.02737523805522328,0.007482167887234142,0.030056568616263157,168.21277901803066,0.0007321717613401246,0.45558956910411336,Discharge
3.6287342001384237,0.027079017086903932,0.0070544447160473134,0.02796851691038492,157.64631492513402,0.0007439596863218911,0.4223423443369146,Discharge
3.6626763055045375,0.027323208971962876,0.007581365960872782,0.029350171411502216,164.29049638075315,0.0007508996148660739,0.45143364165930167,Discharge
3.6878570578958154,0.027340420848978742,0.007556879074799433,0.03152908823523558,173.43606750274557,0.0007321127035374477,0.47221353650121406,Discharge
3.647519319553781,0.027176284358199753,0.007321746993606536,0.028594586079394933,164.35735775009275,0.0007377757089425036,0.43896564633853297,Discharge
3.6334448602538036,0.027154742876779974,0.006986514562336724,0.027724797533995704,156.7532445403055,0.0007260288849639233,0.42649821567114515,Discharge
3.608647948079954,0.02722574063844411,0.00766275179895862,0.03573614025631573,199.12551336640684,0.0007702492388800126,0.40571862590424707,Discharge
3.5975212817586164,0.026956396678188315,0.008072947388464542,0.034625147677445595,187.46710243647308,0.0007591831527303414,0.3974068206007131,Discharge
3.624008289053144,0.027021452567773205,0.007158296163031727,0.029308511712532258,162.80959887177974,0.0007456530306217387,0.4181865318259956,Discharge
3.6190539602943868,0.027089364250528016,0.007367704903072111,0.030646218056186336,171.00721589875027,0.0007379096676626025,0.41403055944346245,Discharge
3.591969209413631,0.02672673896013422,0.008004540135543756,0.032831701439092614,175.97201222166393,0.000764957303143241,0.3932510909230968,Discharge
3.613907188654269,0.02709401444726309,0.007663731036775559,0.03165883673849746,174.93003501872798,0.0007612536227349692,0.4098745837125627,Discharge
3.6031438881219113,0.02707167285557617,0.007993970120939019,0.0335340806465393,181.04301383847547,0.0007571388772919966,0.4015626617026891,Discharge
3.5766823574513196,0.026526199837440336,0.008020879990836696,0.031300028905812675,162.73583300858377,0.0007566816548546068,0.38078366851683765,Discharge
3.581988157408319,0.026495224918371633,0.007370433363555822,0.034403311904860505,180.51379650409945,0.0006954302300765426,0.3849356837989722,Discharge
3.571778409637927,0.026417753451148523,0.007302732274320586,0.034727522494482035,179.1026678074679,0.0007652887753852309,0.37662405257337167,Discharge
3.5459191397269527,0.025517264922586682,0.0074941915990667084,0.031231340501569383,153.29327198330776,0.0006635939988370989,0.35584490780966394,Discharge
3.541707169478275,0.025634571671898858,0.006480477987667355,0.02661447013914308,133.71615121189112,0.0006784523051912197,0.3516888452857267,Discharge
3.566583399287689,0.02636265680559913,0.0077148273038775365,0.03681990125942331,187.22036284990224,0.0007282761804873594,0.37246842908008765,Discharge
3.586928389506486,0.026491396704356806,0.007251640130670005,0.03467901918150557,185.02848450780388,0.0007212692179391765,0.3890913435684537,Discharge
3.5317581317976194,0.025444848220226426,0.0048148282926032656,0.020053297687300756,98.39834473935996,0.0006611322477228814,0.3392217531799203,Discharge
3.5560067561500244,0.025358763153392576,0.007351176272908918,0.036950101967175734,175.80634842464266,0.0007875811939377047,0.3641543362251051,Discharge
3.5611723963721706,0.026247906101070213,0.007850663115777373,0.03857968467952755,194.7140844289685,0.0007265855822687173,0.36831268966511005,Discharge
3.517119007051251,0.026018648049888887,0.005479171945014389,0.023767142096367985,108.95757660079235,0.0007688587495080804,0.31844674274887563,Discharge
3.534523236418259,0.025576340839267072,0.005987783500115032,0.01957991398650146,97.32201471088705,0.0006653687109643799,0.3433811783233889,Discharge
3.5509527759266852,0.025589244453717255,0.007324036333814746,0.03890102480701942,191.13572110172234,0.0007516374510203976,0.3599985532966091,Discharge
3.5259017950830494,0.025576518154336772,0.005505645578894388,0.0192503967538834,89.7929828158891,0.0006909157423902192,0.33091427933617923,Discharge
3.538000522850952,0.025187996517005387,0.006050931266610951,0.021833280272102618,103.7132256213316,0.0006624595417106451,0.34753290654192487,Discharge
3.5230845663960397,0.025994352506327274,0.005172770520397102,0.020738461638923667,99.62560045073023,0.0007202766924897118,0.32675841191985666,Discharge
3.5289196783951797,0.025170737875863734,0.005084427335386593,0.02057277311256968,95.20192688437726,0.0006565601796337631,0.33506611978316037,Discharge
3.5201389853299405,0.025424204284607496,0.0052805770346404796,0.02083068157338739,90.41339187674771,0.0007050656537638197,0.3226026224968807,Discharge
3.5143222860986123,0.02612231544802921,0.004972375308844198,0.02995944502664802,134.1513879319953,0.0007792677048817444,0.31428444021038465,Discharge
3.5026882433874036,0.026445962628649688,0.007133544050686572,0.0696501481546413,284.2295879870836,0.001119399431321787,0.30181399526784713,Discharge
3.510570998777045,0.026507367591521735,0.006618408547536171,0.032269922956491566,138.4637855348174,0.0007812816127103174,0.3101310784490926,Discharge
3.5073634772364013,0.027408579869545955,0.005093563209680192,0.060002264148326184,285.05386137816765,0.001021809063858052,0.3059697204674306,Discharge
3.4859901962840762,0.020340204561902237,0.0064093967314219685,0.09995096506432899,287.7165627552742,0.003138676094338923,0.2893429877279977,Discharge
3.4975696314119036,0.02569555190402612,0.007119719163735568,0.0999056339456081,379.9248727235257,0.001669551509449191,0.2976567406574134,Discharge
3.4670843854960056,0.019188192146412333,0.008924851297519455,0.09996812349304343,252.11453815911187,0.003375345019519354,0.27687521249673597,Discharge
3.473603131012936,0.019489895439369336,0.008542066371427388,0.09994757194920881,259.59372121004355,0.003313215672616097,0.2810308846319254,Discharge
3.4556740013434286,0.018667271564058528,0.008075893940140383,0.09997639297696637,241.5086508546297,0.0037574602443063232,0.2685632096511273,Discharge
3.4798964579613876,0.019898804248232076,0.008334889414753459,0.09990809636683996,270.9964098258311,0.0031676359606138886,0.2851868594439547,Discharge
3.4913152180723146,0.022922232851239725,0.008059727166630871,0.0999571527784977,320.79398449829034,0.002319136916400306,0.2935001325905432,Discharge
3.443379068271464,0.018752310323844827,0.009145936424330285,0.09988940205101751,231.103514158608,0.0038105196669247668,0.2602518256992237,Discharge
3.4615060999150082,0.01861470473558564,0.0072629524494991,0.09997943997164886,247.1567857101102,0.003726949174177011,0.27271896452165206,Discharge
3.425981326798268,0.018127909938692486,0.008704761382658164,0.09991083494975497,215.91658188008188,0.004193225909127565,0.24778399078057672,Discharge
3.4379066001752157,0.018277062383242556,0.007385293896514472,0.09994776649962933,226.79589457774054,0.004139599172285485,0.2560955403977466,Discharge
3.3731618317155636,0.01808809677977171,0.011225365521905804,0.09995397968394655,177.72950243390142,0.004785176395180775,0.21453721664850162,Discharge
3.4497880977613127,0.01849552238726477,0.008082152490582249,0.09997370276558096,237.15981433280996,0.0038428766200312757,0.26440728518904366,Discharge
3.3657947512630764,0.01829427482124398,0.01173677014554887,0.09997244884197047,173.2343917490521,0.004874311616865488,0.21038129260879146,Discharge
3.3942612738255735,0.018095567877874214,0.009931454582994681,0.09999422763354267,193.1906712367667,0.004585592982604114,0.22700467773297592,Discharge
3.4199121841715816,0.01783714189620417,0.008699116290823384,0.09991012215866807,210.8459336106055,0.004291412010945478,0.2436283924524464,Discharge
3.4008132130408923,0.018021215071449413,0.00956860297905461,0.09996333850031006,197.78542179142676,0.004504765555714095,0.231160598584452,Discharge
3.4320539966888997,0.018211604173213,0.008521060780418067,0.0999442502714804,220.03679170718462,0.004133728455622732,0.25193970949258915,Discharge
3.407293601461518,0.01808374532008394,0.009383961657478672,0.09994951482921065,202.08648542049391,0.004437054302405267,0.23531657242260742,Discharge
3.413700232001836,0.017952612815020145,0.009290643323429697,0.09993588649926219,204.48396773493246,0.004348778222896919,0.2394724136748561,Discharge
3.387472098550047,0.01827088310954983,0.01031490730147731,0.09995477484003444,189.16320870433094,0.004660506938203866,0.2228487693370559,Discharge
3.3803855472478244,0.018343287390358735,0.011002457078606712,0.09992381994372919,183.9136818075826,0.004706180389907731,0.21869301332213487,Discharge
3.3422954678364882,0.018560546803586233,0.01312687365966779,0.09999676633727221,160.75890364880357,0.005091381669789002,0.19791394973247403,Discharge
3.358158811670052,0.018111423313442735,0.0121100742209236,0.09990321452982226,167.88492422041057,0.00494686148581733,0.20622559088469503,Discharge
3.3089736632789286,0.018673490378306176,0.014761233640086557,0.09999605558604346,139.51258264086584,0.005544315059391826,0.18129055290619442,Discharge
3.3174296665934673,0.01797947392494883,0.01443457983679738,0.09999180682935332,141.74375991621693,0.005349162980393699,0.18544626804446818,Discharge
3.3003822141964916,0.01901075654559498,0.015299095611625277,0.0998970327875486,134.89018950352636,0.00562904373492223,0.17713463072746835,Discharge
3.3503363318340984,0.018235171614254638,0.012483219841191344,0.09998742876261185,164.48557143502745,0.005034281203717065,0.20206979940663575,Discharge
3.325760743368053,0.01844125763029677,0.013985822892861675,0.09995682283745899,149.744661530082,0.0052279893482344,0.1896021772220137,Discharge
3.2664887997036613,0.019418924682767916,0.016213926789656063,0.09999019526375577,116.72730365074591,0.006178781045207585,0.16051097504524747,Discharge
3.2582095769326314,0.019755577036632114,0.01642855096108474,0.09999859807854268,113.12843539237257,0.006319115340678481,0.15635527556808887,Discharge
3.2832822834829614,0.019219264935149964,0.015673550675784995,0.09996994014988832,125.88463456524968,0.005901145988637298,0.16882254385978357,Discharge
3.2748392352720237,0.019177715734878857,0.016103858926345634,0.09992537900029139,120.02982073603206,0.0060275183573919025,0.16466669760034766,Discharge
3.3340876897627103,0.018528052090938996,0.013511713106375119,0.09998850710139447,155.37723376405643,0.005192300843685087,0.19375806976917515,Discharge
3.2500413102751256,0.019966517192695328,0.01665636952445838,0.09999863158758747,109.31018664353003,0.006455941737971282,0.15219944647751252,Discharge
3.2918112064221474,0.019213018310377836,0.015513151266278674,0.09998779738501955,130.52268284277156,0.005774420864819446,0.17297854815539418,Discharge
3.2339641605567415,0.02076618142736027,0.017402482043844883,0.09999028970747272,102.80730186879678,0.006724472871843236,0.1438875658531823,Discharge
3.2420110754881013,0.020196215571824157,0.016790281245116084,0.09999896797182965,105.68320318757756,0.006627996736442854,0.14804351084250114,Discharge
3.2105787839340962,0.022139783427045524,0.01838049875881916,0.0999991628696298,93.55567533874347,0.007186227447738751,0.13142001100904796,Discharge
3.226069115889476,0.020935073892201853,0.017512500788654437,0.09999421381635418,99.00888357587874,0.006869549419372378,0.1397315530002501,Discharge
3.218293729968761,0.021387977151566574,0.01792189239566185,0.09998256396757067,95.83239813873834,0.007022634848736259,0.13557564755792562,Discharge
3.202865107805434,0.022716433205144885,0.018835750037255322,0.09999483288604213,90.99671319053743,0.007326828099803446,0.12726406413674665,Discharge
3.164183577777853,0.026985149846300096,0.022462080245628728,0.09997096088388006,80.13971697095694,0.008182553982965938,0.10648505862665239,Discharge
3.1875840805226185,0.02411228084185663,0.01994793443920174,0.09999865887072062,86.02007561912856,0.007685365037127782,0.11895252982060933,Discharge
3.179816122828342,0.024931702843640602,0.020864494394909793,0.09999787980917688,84.04438748095457,0.0078073209592360035,0.11479676159992455,Discharge
3.195195460571335,0.023237931533169626,0.018922770609135626,0.0999947207302048,88.62625095736502,0.007494156453169488,0.12310833857903057,Discharge
3.139284738524172,0.03127619769394119,0.025909700759367972,0.09995943191219794,76.33090619766955,0.008782217205583394,0.09401729665717491,Discharge
3.1478444387263904,0.029610922421513017,0.024707311875698773,0.09999861524859623,77.29050727217043,0.008558767104657456,0.09817311210202205,Discharge
3.1720397678531507,0.025212092281433535,0.0215228571187959,0.09999160751967374,80.93692030081343,0.007985341391456334,0.11064090170488572,Discharge
3.101481077538709,0.039066302852262355,0.03319262012371125,0.0999705753320669,71.08211667752147,0.009796970823195554,0.07739344751498786,Discharge
3.079854508446725,0.044326533485642805,0.03806751884127216,0.09997113461565735,68.28858828839866,0.010485741493929819,0.06908141475512006,Discharge
3.1303969723535254,0.0329793595774936,0.027650651342689826,0.09999384643825651,74.79069144242995,0.009001878780958449,0.08986138044366564,Discharge
3.068157821572979,0.04776024241922969,0.04099526732712602,0.09997606705559522,67.49239515945601,0.010886619769308287,0.06492544455970929,Discharge
3.111572898969475,0.03669131818533965,0.030937603719228223,0.09997394337145574,72.24281640195593,0.009536933987114879,0.08154942867956816,Discharge
3.156120663574784,0.028359402698935835,0.023415071922556405,0.09998141739492361,79.07777219385673,0.008367606403097744,0.1023290571578286,Discharge
3.090876947419414,0.04202684793568236,0.03559656626524364,0.09994703832166507,70.14871829802274,0.010144757013105285,0.07323737349098387,Discharge
3.0426888737531037,0.056154802401310794,0.04737184464272141,0.09999643666883318,66.22660277407263,0.011860022026894639,0.05661374760327709,Discharge
3.1211761177562614,0.034593996821741066,0.029306810382491107,0.0999883408235171,73.24436162047674,0.009235186340241187,0.08570540074021181,Discharge
3.028810536026535,0.06073738121755163,0.0515652761478358,0.09997982834902062,64.75738053334551,0.012369290260091221,0.052457715526994374,Discharge
3.0139804886856263,0.06631473189382431,0.0561579962977455,0.0999992578167179,63.83874959600793,0.013019270681774475,0.048301811327634545,Discharge
2.9980251622652094,0.0729059235340883,0.061442559543686874,0.09999659724599351,63.11221058461141,0.013744857231453994,0.044146157068488165,Discharge
2.7999367351890734,0.09999597419641454,0.13218538459271678,0.09999696054953895,28.92353008191346,0.029817483675078176,0.01089814137908939,Discharge
3.0557451235465516,0.05180896887016809,0.0441033035074866,0.099992797852736,66.92894028047931,0.011347817747415249,0.06076960782731976,Discharge
2.980845954335668,0.0804882953548654,0.0682565810905392,0.09998363633914197,61.663403495039155,0.014482861784522325,0.039990007541237445,Discharge
2.9622916620575577,0.09076178418312551,0.0768503746953381,0.09998694497579329,60.530722327353956,0.0154592384270618,0.035833857090109826,Discharge
2.866809365822479,0.09999633640293681,0.11212595016142786,0.09999937669948339,38.66312367901889,0.023062456547348197,0.019209739867925135,Discharge
2.835596049483259,0.09999872234542054,0.12160663824244733,0.09999890660457733,33.26826990490614,0.026264613004478826,0.01505396567351388,Discharge
2.894499451369229,0.09996169295604136,0.10278173748737997,0.09998730192658746,44.101212512385445,0.020271258170233165,0.02336553987421482,Discharge
2.9192737747040067,0.0999684132891842,0.09421436880135725,0.09998494612570197,50.67481829519356,0.018208191397217067,0.027521665127287008,Discharge
2.94184955080152,0.09993558089138115,0.08644774610889196,0.0999924798740611,57.60882231717181,0.01663650366070344,0.03167772903232364,Discharge
2.7256711368263558,0.09998563891625431,-0.09620469084278044,0.09991667033390875,999.5734289043614,0.03161692624808764,0.0026566918129282985,Discharge
2.7591285978857094,0.09999964530106153,0.1424258036951218,0.09999919970038984,25.385595362482444,0.03346664368757721,0.006742225249707068,Discharge
2.699781456149298,0.02442600251952035,-0.12081792315716812,0.09997776055981952,999.9869707959297,0.018870990688762423,5.0853418591050726e-05,Discharge
